name,buy,type
Пелевин Виктор Олегович: Transhumanism Inc. (Трансгуманизм Inc.),1214,Современная русская проза
Железная дочь,211,Фантастика и фэнтези для подростков
"Каур Рупи: Milk and Honey. Белые стихи, покорившие мир",874,Билингвы
"Почти как ""бьюик""",210,Зарубежное фэнтези
Ли Бардуго: Король шрамов,1738,Героическое фэнтези
"Маршак Самуил Яковлевич, Толстой Алексей Николаевич, Ушинский Константин Дмитриевич: Сказки от страхов",1642,Константин Ушинский
Стейнбек Джон: К востоку от Эдема,819,Классическая зарубежная литература
Оруэлл Джордж: 1984. Скотный двор,149,Классическая зарубежная литература
Харрис Джоанн: Шоколад,452,Современная зарубежная проза
Герберт Фрэнк: Капитул Дюны,384,Боевая фантастика
Маркес Габриэль Гарсиа: Сто лет одиночества,2393,Классическая зарубежная литература
И меркнет свет,88,Фантастика и фэнтези для подростков
Обрезка садовых растений. Самоучитель в схемах и рисунках,894,Справочники садовода и огородника
Целлариус Алексей Юрьевич: Нескучная биология,2173,Животные
Мясников Александр Леонидович: Как лечиться правильно: книга-перезагрузка,903,Популярная медицина
Мур Алан: Иерусалим,622,Современная зарубежная проза
Мелия Марина: Хочу — Могу — Надо. Узнай себя и действуй!,3085,Популярная психология
Валентино Серена: Всех прекрасней. История Королевы,1215,Сказки зарубежных писателей
Скотт Эмма: Свет между нами,609,Зарубежная сентиментальная проза
"Лебедев Павел: Ты посмотрел сюда. Теперь сюда. Магия визуализации и 440 кейсов, которые научат управлять вниманием с помощью презентаций и инфографики",542,Общий маркетинг
Коул Тилли: Братья Карилло. Когда мы упали,129,Зарубежные любовные романы
Ангельская сага. Гнев ангелов,912,Фантастика и фэнтези для подростков
Перельман Яков Исидорович: Головоломки и задачи,2176,Игры и головоломки
Старк Кристина: Стигмалион,1724,Современная русская проза
Сапковский Анджей: Крещение огнем. Башня Ласточки,395,Зарубежное фэнтези
Мизери,221,Ужасы. Мистика
Замятин Евгений Иванович: Мы,2173,Классическая русская литература
"Вяжи как дизайнер! Универсальный курс по вязанию современной авторской одежды: конструкции, техники, расчеты, дизайн",69,Вязание
"Улицкая Людмила Евгеньевна, Абгарян Наринэ, Санаев Павел Владимирович, ЧеширКо Евгений, Степнова Марина Львовна, Драгунский Денис Викторович, Цыпкин Александр Евгеньевич, Гуга Владимир, Петров Александр Андреевич, Гордеева Катерина Владимировна, Идиатуллин Шамиль Шаукатович, Жукова Жука, Гамаюн Вера, Бурунов Сергей Александрович, Гармаш Сергей Леонидович, Литвинова Рената Муратовна, Суханов Максим Александрович: Необыкновенное обыкновенное чудо. Школьные истории",85,Павел Санаев
Скотт Эмма: Влюбленные сердца. Дотянуться до звезд,1095,Зарубежная сентиментальная проза
"Карнеги Дейл: Искусство завоевывать друзей и оказывать влияние на людей, эффективно общаться и расти как личность",1970,Популярная психология
Кинг Стивен: Позже,1220,Триллеры
Коутон Скотт: Журнал по выживанию,544,Игры и головоломки
Сапковский Анджей: Последнее желание,1936,Зарубежное фэнтези
Бёрджесс Энтони: Заводной апельсин,3244,Антиутопия
Поваренная книга Гарри Поттера,2771,Кулинарные рецепты
Воздушный народ. Королева ничего,1864,Фантастика и фэнтези для подростков
Скотт Эмма: Как спасти жизнь,429,Зарубежные любовные романы
Валентино Серена: Чудовище. История невозможной любви,1315,Книги по фильмам и мультфильмам
Алая тигрица,87,Фантастика и фэнтези для подростков
Перельман Яков Исидорович: Живая математика,2793,Математика для детей
Сапковский Анджей: Ведьмак: Последнее желание,1756,Зарубежное фэнтези
Арден Лия: Мара и Морок. 500 лет назад,1763,Любовное фэнтези
Самая страшная книга 2022,267,Самая страшная книга
Черкасова Ульяна: Золотые земли. Сокол и Ворон,636,Героическое фэнтези
Ангельская сага. Книга ангелов,847,Фантастика и фэнтези для подростков
Абгарян Наринэ: Всё о Манюне,1481,Современная русская проза
Скотт Эмма: Безумная любовь. Не оставляй меня,466,Зарубежная сентиментальная проза
Королевство теней. Тени между нами,759,Фантастика и фэнтези для подростков
Достоевский Федор Михайлович: Преступление и наказание,1217,Классическая русская литература
Стим Виолетта: Клуб Рейвен,120,Русское фэнтези
Школа шпионов: работаем с простыми дробями,313,Эксмо
Стюарт Дуглас: Шагги Бейн,75,Современная зарубежная проза
Шерри Ана: Я подарю тебе крылья. Книга 2,692,Русская сентиментальная проза
Олкотт Луиза Мэй: Хорошие жены,573,Классическая зарубежная литература
Уатт Эрин: Разрушенный дворец,1352,Зарубежная сентиментальная проза
Камша Вера Викторовна: Красное на красном,262,Героическое фэнтези
Бром Джеральд: Похититель детей,3124,Зарубежное фэнтези
Бронте Энн: Незнакомка из Уайлдфелл-Холла,433,Классическая зарубежная литература
Брындза Роберт: Тьма падет,107,Триллеры
Тигана,129,Эксмо
Кинг Стивен: 11/22/63,2500,Зарубежная фантастика
Кровь эльфов,72,Зарубежное фэнтези
Уитакер Крис: Мы начинаем в конце,261,Триллеры
"Гейман Нил, Ридделл Крис: Коралина",2389,Гейман с иллюстрациями Криса Риддела
Лавринович Ася: От одного Зайца,175,Русская сентиментальная проза
Гюго Виктор: Последний день приговоренного к смерти,435,Классическая зарубежная литература
"Фабер Адель, Мазлиш Элейн: Как говорить, чтобы дети слушали, и как слушать, чтобы дети говорили",2164,Психология. Искусство быть родителем. Советуют профессионалы
Сент-Экзюпери Антуан де: Маленький принц,3539,Сказки зарубежных писателей
Тысяча островов. Дочь короля пиратов,80,Фантастика и фэнтези для подростков
Толкин Джон Рональд Руэл: Хоббит,770,Книги про волшебников
Совдетство,230,Современная русская проза
Перельман Яков Исидорович: Занимательная физика и механика,1009,Физика для детей
Дубинская Анастасия Дмитриевна: Age off. Сотри возраст с лица. Ревитоника: научный подход к возвращению молодости,2632,БОМБОРА
Лавкрафт Говард Филлипс: Миры Говарда Филлипса Лавкрафта. Артефакты и легендарные земли,316,Зарубежное фэнтези
Вульф Трейси: Искушение,580,Зарубежное фэнтези
"За гранью возможного. Биография самого известного непальского альпиниста, который поднялся на все четырнадцать восьмитысячников",651,БОМБОРА
Загадай любовь,277,Современные любовные романы
Вороновый круг. Король воронов,1726,Фантастика и фэнтези для подростков
Валентино Серена: Малефисента. История тёмной феи,752,Фантастика и фэнтези
Абгарян Наринэ: Симон,867,Современная русская проза
Уатт Эрин: Сломленный принц,1218,Зарубежная сентиментальная проза
Сапковский Анджей: Ведьмак: Кровь эльфов,1359,Зарубежное фэнтези
"Шталь Стефани: Ребенок в тебе должен обрести дом. Вернуться в детство, чтобы исправить взрослые ошибки",209,Популярная психология
Метафорические карты PRINCESS DREAMS. Мечты Царевны.,93,Эксмо
Валентино Серена: Урсула. История морской ведьмы,1203,Книги по фильмам и мультфильмам
Ремесленный хлеб и сдоба на закваске,407,Выпечка и десерты
"Дружинина Марина Владимировна, Осеева Валентина Александровна, Лисаченко Алексей Владимирович: Смешные истории",2798,Алексей Лисаченко
Теория Всего,131,Астрономия
Васильева Людмила Федоровна: Прикладная кинезиология. Восстановление тонуса и функций скелетных мышц,4167,Популярная медицина
Древний. Предыстория. Книга восьмая. Предрассветный мрак,1003,Боевая фантастика
Кинг Стивен: Клатбище домашних жывотных,3669,Ужасы. Мистика
Дыхательная гимнастика доктора Шишонина,178,Народная медицина
Мейер Марисса: Кто на свете всех прекрасней?,855,Зарубежное фэнтези
Чаттерджи Ранган: Я больше не могу! Как справиться с длительным стрессом и эмоциональным выгоранием,83,Саморазвитие и личностный рост
Петрановская Людмила Владимировна: Большая книга про вас и вашего ребенка,2794,Воспитание детей
Арден Лия: Золото в тёмной ночи,1223,Русское фэнтези
Герберт Фрэнк: Еретики Дюны,428,Зарубежная фантастика
Лим Элизабет: Кровь звезд. Расплетая закат (#2) (новое оформление),74,Фантастика и фэнтези
Барнс Дженнифер Линн: Наследие Хоторнов,73,Современная зарубежная проза
Исака Котаро: Поезд убийц,314,Зарубежные детективы
"Трояно Розальба: 20 необыкновенных девочек, изменивших мир",273,Биографии знаменитых людей
Герберт Фрэнк: Бог-Император Дюны,460,Зарубежная фантастика
Сапковский Анджей: Сезон гроз. Дорога без возврата,276,Зарубежное фэнтези
Шерри Ана: Хрупкое равновесие. Книга 2,1361,Русская сентиментальная проза
Вороновый круг. Похитители снов,1825,Фантастика и фэнтези для подростков
Шерри Ана: Я подарю тебе крылья. Книга 1,705,Русская сентиментальная проза
Шишонин Александр Юрьевич: Лечебная гимнастика для шеи и спины,508,Массаж. ЛФК
Дикие свитеры 2. Новая коллекция для искателей приключений всех возрастов. Норвежское бесшовное вязание на спицах,72,Вязание
Корелли Мария: Скорбь Сатаны,1368,Классическая зарубежная литература
Хассе Штефани: Поцелуй врага,74,Зарубежные любовные романы
Скотт Эмма: Влюбленные сердца. Зажечь небеса,895,Зарубежная сентиментальная проза
"Дмитриева Вика Дмитриевна: Это же любовь! Книга, которая помогает семьям",3915,Популярная психология
Таро. Полное руководство по чтению карт и предсказательной практике,1228,Тайны таро
Левенселлер Триша: Тысяча островов. Дочь королевы сирен,74,Фантастика и фэнтези для подростков
"Магия флористики. Авторский курс аранжировки композиций: идеи, стиль и профессиональные приемы от Дмитрия Туркана",574,Другое
Логвин Янина Аркадьевна: Осколки тебя,155,Русская сентиментальная проза
Нэвилл Адам: Пропавшая дочь,75,Детективная фантастика
Мейер Марисса: Красная Шапочка,1874,Киберпанк
Сапковский Анджей: Ведьмак: Крещение огнем,1330,Зарубежное фэнтези
Марков Алексей Викторович: Хулиномика 4.0: хулиганская экономика. Ещё толще. Ещё длиннее,539,Общая экономика
Гарбер Стефани: Легендо,72,Фантастика и фэнтези для подростков
Кинг Стивен: Воспламеняющая,82,Ужасы. Мистика
Ремарк Эрих Мария: Триумфальная арка,2752,Классическая зарубежная литература
Стеффи Лия: Мутный,914,Современные любовные романы
Бронзовые звери,252,Фантастика и фэнтези для подростков
Ли Харпер: Убить пересмешника…,3833,Классическая зарубежная литература
"Ли Мие: ""Магазин снов"" мистера Талергута",179,АСТ
"Маккуистон Кейси: Красный, белый и королевский синий",872,Современная зарубежная проза
Сапковский Анджей: Ведьмак. Меньшее зло,199,Героическое фэнтези
Янси Рик: Монстролог. Все жуткие истории,151,АСТ
Сапковский Анджей: Ведьмак: Час Презрения,1321,Зарубежное фэнтези
Манискалко Керри: Царство Греха,602,Зарубежное фэнтези
Диккер Жоэль: Загадка номера 622,658,Зарубежные детективы
Скотт Эмма: Стань моим завтра,517,Зарубежные любовные романы
Герберт Фрэнк: Дюна: Бог-Император Дюны. Еретики Дюны. Капитул Дюны,531,Зарубежная фантастика
Леонович Александр Анатольевич: Физика без формул,3059,Физика для детей
Хаксли Олдос: О дивный новый мир,4598,Антиутопия
Время сказок: осваиваем таблицу умножения,421,Эксмо
Мейер Марисса: Белоснежка,1659,Космическая фантастика
Мейер Марисса: Рапунцель,1795,Киберпанк
Ле Теллье Эрве: Аномалия,204,Современная зарубежная проза
Мист Магнус: Маленькая злая книга,5335,Фантастика и фэнтези
"Герасичев Владимир Владимирович, Рябуха Арсен Арсенович, Маурах Иван Михайлович: РБК Pro: практикум для руководителя. Как поддержать настрой в команде и не перегореть самому",71,Иван Маурах
Баркова Александра Леонидовна: Славянские мифы. От Велеса и Мокоши до птицы Сирин и Ивана Купалы,86,Мифы и легенды
"Психотрюки. 69 приемов в общении, которым не учат в школе",445,Саморазвитие и личностный рост
Стокер Брэм: Дракула,248,Книги про вампиров
Миллер Мадлен: Цирцея,538,Современная зарубежная проза
"Пратчетт Терри, Бакстер Стивен: Бесконечный Космос",915,Терри Пратчетт
"Белоконь Ольга Александровна: Я - женщина. Все о женском здоровье, контрацепции, гормонах и многом другом",1828,Популярная медицина
Миллер Мадлен: Песнь Ахилла,593,Современная зарубежная проза
Вороновый круг. Воронята #1,2190,Фантастика и фэнтези для подростков
Майер Стефани: Солнце полуночи,1076,Зарубежное фэнтези
Фромм Эрих: Иметь или быть?,2095,Классическая психология
Уатт Эрин: Бумажная принцесса,1442,Зарубежная сентиментальная проза
Брэнди Меган: Парни из старшей школы,387,Зарубежные любовные романы
Роджерсон Маргарет: Магия шипов,110,Зарубежное фэнтези
Нетворкинг для разведчиков. Как извлечь пользу из любого знакомства,192,Популярная психология
Валентино Серена: Матушка Готель. История старой ведьмы,933,Фантастика и фэнтези
Фоллетт Кен: Столп огненный,80,Историческая проза
Брандис Катя: Тайна кита-оборотня,169,Фантастика и фэнтези
Ремарк Эрих Мария: Три товарища,1942,Классическая зарубежная литература
"Маск Мэй: Женщина, у которой есть план. Правила счастливой жизни",1202,Психология личности
Миллион за 15 секунд. Как зарабатывать на блоге в Инстаграм с помощью коротких видео,1064,Электронная коммерция
Мудрость толпы,311,Зарубежное фэнтези
Уолинн Марк: Это началось не с тебя. Как мы наследуем негативные сценарии нашей семьи и как остановить их влияние,1154,Семейная психология
"Диспенза Джо: Сила подсознания, или Как изменить жизнь за 4 недели",1368,Психология личности
Палиенко Александр Алексеевич: Жизнь в удовольствие,2170,АСТ
Акунин Борис: Царь-освободитель и царь-миротворец. Лекарство для империи,533,История России
Мари Аннетт: Бессмертный огонь,808,Зарубежное фэнтези
Мари Аннетт: Темная буря,834,Зарубежное фэнтези
"Рыба и морепродукты. Закуски, супы, основные блюда и соусы",194,Эксмо
Шерри Ана: Одно небо на двоих,467,Русская сентиментальная проза
"Хэлл Рон, Томалин Николас: Гонка века. Самая громкая авантюра столетия (кинообложка)",530,"Проект TRUESTORY. Книги, которые вдохновляют"
Старк Кристина: Крылья,886,Современная русская проза
"Стругацкий Аркадий Натанович, Стругацкий Борис Натанович: Понедельник начинается в субботу",2521,Эксклюзив: Русская классика
Лукьяненко Сергей Васильевич: Три дня Индиго,212,Героическая фантастика
Матюхин Александр Александрович: Кладбище ведьм,90,Ужасы. Мистика
Триггерные точки. Пошаговое руководство по терапии хронических мышечных и суставных болей,209,Массаж. ЛФК
Бартон Марк: Девочка. Девушка. Женщина,1078,АСТ
Запретная магия. Шесть алых журавлей,78,Фантастика и фэнтези для подростков
Алиса в Стране чудес,154,Сказки зарубежных писателей
Путь аргоси,197,Фантастика и фэнтези для подростков
Донцова Дарья Аркадьевна: Коза и семеро волчат,78,Иронические детективы
Мари Аннетт: Алая зима,955,Зарубежное фэнтези
"Вороновый круг. Синяя лилия, лилия Блу",1592,Фантастика и фэнтези для подростков
"Харрис Роби, Эмберли Майкл: Давай поговорим про ЭТО: о девочках, мальчиках, младенцах, семьях и теле",2037,Детям про ЭТО
Холл Алексис: Идеальный парень,435,Зарубежная сентиментальная проза
Липинская Бланка: Этот день,75,Зарубежная сентиментальная проза
Сапковский Анджей: Ведьмак. Сезон гроз,1161,Зарубежное фэнтези
Жулин Александр Вячеславович: Танцы на льду жизни. Я знаю о любви все...,113,Спортсмены
Морриган Барбара: Чудовище и чудовища,733,Зарубежное фэнтези
Безумная любовь. Не дай мне упасть,460,Романтические книги для подростков
Хилл Наполеон: Думай и богатей,750,Психология личности
Сапковский Анджей: Ведьмак: Владычица Озера,1205,Зарубежное фэнтези
Рубина Дина Ильинична: Медная шкатулка,1420,Современная русская проза
Устинова Татьяна Витальевна: Судьба по книге перемен,156,Современные детективы
"Ступников Денис Олегович: Юрий Хой и группа ""Сектор Газа""",327,Биографии. Мемуары
Рина Лин: Анимант Крамб. Книжные хроники Анимант Крамб,1745,Зарубежное фэнтези
Шваб Виктория: Темный оттенок магии,402,Героическое фэнтези
Дмитриева Вика Дмитриевна: Это же ребёнок! Школа адекватных родителей,3866,Воспитание детей
Булгаков Михаил Афанасьевич: Морфий,1107,Классическая русская литература
"Шитье и вязание ХЮГГЕ: магия рукоделия для дома, где живет счастье",335,Ситтер М.
Сапковский Анджей: Меч Предназначения,1719,Зарубежное фэнтези
Элрод Хэл: Магия утра. Как первый час дня определяет ваш успех,2507,Психология личности
Ли Бардуго: Правление волков,1060,Зарубежное фэнтези
Как король Эльфхейма научился ненавидеть истории,1152,Фантастика и фэнтези для подростков
Тевис Уолтер: Ход королевы,2011,Классическая зарубежная литература
Сапковский Анджей: Ведьмак: Башня Ласточки,1273,Зарубежное фэнтези
Бронте Шарлотта: Джейн Эйр,1365,Классическая зарубежная литература
Михалкова Елена Ивановна: Лягушачий король,198,Современные детективы
Сапковский Анджей: Владычица озера,289,Зарубежное фэнтези
Омер Майк: Как ты умрешь,375,Триллеры
Тартт Донна: Щегол,3220,Современная зарубежная проза
Янагихара Ханья: Маленькая жизнь,2079,Современная зарубежная проза
Фицджеральд Фрэнсис Скотт: Великий Гэтсби,2512,Классическая зарубежная литература
Беседуя с серийными убийцами. Глубокое погружение в разум самых жестоких людей в мире,138,Криминалистика
Малофеев Константин Валерьевич: Империя. Книга первая,194,АСТ
Джонсон Александра: Книга для настоящих девочек,1480,Советы девочкам и мальчикам
Хейли Артур: Аэропорт,1840,Классическая зарубежная литература
"Устюшкина Мария: Помаши мне лапой! Каркасные амигуруми, которые умеют двигаться как живые",356,Изготовление игрушек
Защита Лужина,215,Классическая русская литература
Абгарян Наринэ: Манюня,726,Современная русская проза
Устинова Татьяна Витальевна: Судьба по книге перемен,93,Современные детективы
Light Seer's Tarot. Таро Светлого провидца (78 карт и руководство),526,Гадания. Карты Таро
Улыбки и радость каждый день. Календарь на 2022 год,313,Календари 2022
Лобсанг Тенпа: Радикальное спокойствие. Созерцательные практики для глубинного благополучия,102,Эзотерические знания
Омер Майк: Глазами жертвы,843,Триллеры
Карамова Римма: Простейший Завет. Физика любви,6902,Саморазвитие и личностный рост
Валентино Серена: Круэлла де Виль. История злодейки с разбитым сердцем,705,Фантастика и фэнтези
Мейер Марисса: Звезды над нами,721,Зарубежное фэнтези
Кастен Мона: Спаси меня. Книга 1 + Спаси себя. Книга 2 + Спаси нас. Книга 3 (Подарочный комплект),122,Зарубежная сентиментальная проза
Яхина Гузель Шамилевна: Эшелон на Самарканд,1436,Современная русская проза
Сапковский Анджей: Ведьмак. Дорога без возврата,760,Зарубежное фэнтези
Древс Владимир: Миллионер с хорошей кармой. Как найти предназначение и построить свой бренд,1952,Психология бизнеса
Скляр Петр Александрович: Русские пословицы и поговорки в иллюстрациях. История и происхождение,418,Пословицы и поговорки
Майерс Томас: Анатомические поезда. 3-е издание,2004,Медицинские энциклопедии и справочники
Тармашев Сергей Сергеевич: Древний. Предыстория. Книга седьмая. Опасная фаза,973,Боевая фантастика
Брайант Коби: Коби Брайант. The Mamba Mentality. Философия моей игры,629,Спортсмены
"Лабковский Михаил: Хочу и буду. Принять себя, полюбить жизнь и стать счастливым",2976,Популярная психология
"Козинаки Марина, Авдюхина Софи: Тёмные птицы",631,По ту сторону реки
Бенкау Дженнифер: Одна истинная королева. Книга 1,434,Любовное фэнтези
Риордан Рик: Перси Джексон и похититель молний (#1) (кинообложка),266,Фантастика и фэнтези для подростков
Кинг Стивен: 11/22/63,443,Зарубежная фантастика
Кинг Стивен: Мизери,1470,Зарубежная фантастика
Кинг Стивен: Долгая Прогулка,1862,АСТ
"Девочка, которая научилась летать. Душевные сказки для внутреннего ребенка",116,Популярная психология
Сент-Экзюпери Антуан де: Маленький принц,1113,Классическая зарубежная литература
"Стругацкий Аркадий Натанович, Стругацкий Борис Натанович: Пикник на обочине",2202,Эксклюзив: Русская классика
Кагава Джули: Железная королева,247,Фантастика и фэнтези для подростков
Гонг Хлоя: Эти бурные чувства,78,Like Book
Кинг Стивен: Сияние,2842,Триллеры
Кастен Мона: Снова почувствуй,75,Зарубежная сентиментальная проза
Набоков Владимир Владимирович: Лолита,330,Классическая русская литература
"Васту для счастья и благополучия. Как сделать свой дом источником сил, вдохновения, счастья и процветания",857,Эзотерические знания
Глуховский Дмитрий Алексеевич: Пост,360,Социальная фантастика
Сияние,288,Зарубежное фэнтези
Обжигающая тишина,140,Зарубежные детективы
"Формула мечты. Путь к счастливой жизни, в которой исполняются даже самые смелые желания",1706,Популярная психология
Майер Стефани: Сумерки (новое оформление),562,Зарубежное фэнтези
Валентино Серена: Злые сёстры. История трёх ведьм,923,Фантастика и фэнтези
Брандис Катя: Караг и волчье испытание,196,Фантастика и фэнтези для подростков
Лукьяненко Сергей Васильевич: Семь дней до Мегиддо,308,Героическая фантастика
Шваб Виктория: Сотворение света,251,Зарубежное фэнтези
Чалдини Роберт: Психология влияния. Как научиться убеждать и добиваться успеха,1491,Психология личности
Теккерей Уильям Мейкпис: Ярмарка тщеславия,1443,Классическая зарубежная литература
Моэм Сомерсет: Бремя страстей человеческих,1818,Классическая зарубежная литература
Сутеев Владимир Григорьевич: Сказки,1268,Сказки русских писателей
Гонзалес Софи: Всего лишь полностью раздавлен,584,Современная зарубежная проза
Автостопом по мозгу. Когда вся вселенная у тебя в голове,123,Популярная медицина
Сапковский Анджей: Цири,978,Зарубежное фэнтези
Парфенов Леонид Геннадьевич: Намедни. Наша эра. 2011-2015,217,"Эссе, письма, очерки"
Райан Кендалл: До упора,115,Зарубежные любовные романы
Ли Бардуго: Язык шипов,1113,Зарубежное фэнтези
Кровь звезд. Сплетая рассвет (#1) (новое оформление),98,Фантастика и фэнтези для подростков
Валентино Серена: Леди Тремейн. История злой мачехи,590,Книги по фильмам и мультфильмам
Чеснова Ирина Евгеньевна: Как стать уверенным в себе,1102,Психология для детей
Бодрийяр Жан: Общество потребления,630,Западная философия
Метод Марины Мелия. Как усилить свою силу,1498,Популярная психология
Лёгкое пёрышко. Как падающий снег,86,Фантастика и фэнтези для подростков
Глуховский Дмитрий Алексеевич: Метро 2033. Метро 2034. Метро 2035,1155,Постапокалипсис
Мид Райчел: Академия вампиров. Книга 1. Охотники и жертвы,337,Книги про вампиров
"Торты и десерты в полосочку. Гид по бисквитам, ягодным муссам и самым красивым тортам!",272,Выпечка и десерты
Cat Tarot. Таро Котиков (78 карт и руководство в подарочном футляре),104,Эксмо
"Брать, давать и наслаждаться. Как оставаться в ресурсе, что бы с вами ни происходило",261,Саморазвитие и личностный рост
Перельман Яков Исидорович: Живой учебник геометрии,379,Математика для детей
"Знаки вселенной. 40 карт, которые помогут заглянуть в будущее",202,Гадания. Карты Таро
Райя и последний дракон. Свет надежды,253,Эксмо
Сапковский Анджей: Час Презрения,393,Зарубежное фэнтези
Водолазкин Евгений Германович: Лавр,2430,Современная русская проза
"Пратчетт Терри, Бакстер Стивен: Бесконечная война",378,Терри Пратчетт
Уатт Эрин: Отвергнутый наследник,1039,Зарубежная сентиментальная проза
Уатт Эрин: Запятнанная корона,955,Зарубежная сентиментальная проза
Агата Кристи: Рождество Эркюля Пуаро,132,Классические детективы
Ремарк Эрих Мария: Ночь в Лиссабоне,1632,Классическая зарубежная литература
Бонусные годы. Индивидуальный план продления молодости на основе последних научных открытий,573,Бегмуродова Нигина Шавкатовна
Пока-я-не-Я. Практическое руководство по трансформации судьбы,3210,АСТ
Шваб Виктория: Тени сгущаются,276,Зарубежное фэнтези
Заколдованный лес: развиваем математические способности,262,Эксмо
Спаркс Николас: Дневник памяти,1549,Зарубежная сентиментальная проза
Перельман Яков Исидорович: Математика в занимательных рассказах,921,Математика для детей
Бенкау Дженнифер: Одна истинная королева. Книга 2. Созданная из тени,393,Зарубежное фэнтези
Морфо,519,Фантастика и фэнтези для подростков
Синсеро Джен: НИ СЫ. Будь уверен в своих силах и не позволяй сомнениям мешать тебе двигаться вперед,4312,Саморазвитие и личностный рост
Майер Стефани: Рассвет (новое оформление),612,Зарубежное фэнтези
Логопедия. Теория и практика,75,Дошкольное образование
Осколки серебра и льда,145,Фантастика и фэнтези для подростков
Кинг Стивен: Будет кровь,865,Триллеры
"Я беременна, что делать? 2-е издание, дополненное и переработанное",167,Акушерство и гинекология
"Шишонин Александр Юрьевич: Медицина здоровья против медицины болезней: другой путь. Как избавиться от гипертонии, диабета и атеросклероза",1515,Народная медицина
Инкрайт Фез: Яды и проклятия. Теневая жизнь растений,74,Мифы и легенды
"Ремарк Эрих Мария: Жизнь взаймы, или У неба любимчиков нет",1486,Классическая зарубежная литература
Перез Себастьян: Элиза в сердце лабиринта,823,Like Book
Мастер осенних листьев,74,Русское фэнтези
Кагава Джули: Железный король,332,Фантастика и фэнтези для подростков
Кондрацкая Елена Анатольевна: У Ворона две жизни,75,Героическое фэнтези
"Шпринц Сара: Что, если мы утонем",87,Like Book
Идеальные macarons,1387,Кулинарные рецепты
Священные места Индии,347,АСТ
Кинг Стивен: Институт,1530,Зарубежная фантастика
Коэльо Пауло: Алхимик,1698,Классическая зарубежная литература
Данте Алигьери : Божественная комедия,558,Классическая поэзия
Оруэлл Джордж: Скотный двор. Эссе,1522,Классическая зарубежная литература
"Стругацкий Аркадий Натанович, Стругацкий Борис Натанович: Трудно быть богом",2001,Эксклюзив: Русская классика
"Между заботой и тревогой. Как повышенное беспокойство, ложные диагнозы и стремление соответствовать нормам развития превращают наших детей в пациентов",116,ТелОвидение. Внутрь тела без скальпеля и рентгена
Литерсум. Поцелуй музы,156,Фантастика и фэнтези для подростков
Набоков Владимир Владимирович: Камера обскура,304,Классическая русская литература
Железный рыцарь,163,Фантастика и фэнтези для подростков
Сладкая Италия. Солнечные десерты для любой погоды,76,Национальные кухни
Тармашев Сергей Сергеевич: Древний. Предыстория. Книга первая. Истоки,596,Боевая фантастика
Герберт Фрэнк: Дюна,238,Зарубежная фантастика
Майер Стефани: Затмение (новое оформление),521,Зарубежное фэнтези
Жить. Любить. Богатеть,4325,Популярная психология
Ремарк Эрих Мария: Приют Грез,296,Классическая зарубежная литература
Блейз,74,Триллеры
Год белого тигра. Календарь настенный на 2022 год (300х300 мм),257,Эксмо
Король и Шут. Старая книга II. Незавершенные истории,240,Музыка
Пепел и Лунный свет,360,Русское фэнтези
Юнг Карл Густав: Архетипы и коллективное бессознательное,741,Классическая психология
Приглашение на казнь,152,Классическая русская литература
Абгарян Наринэ: Понаехавшая,1025,Современная русская проза
"Баум Лаймен Фрэнк, Перез Себастьян: Волшебник страны Оз",315,Шедевры иллюстрации
Шэн Л. Дж.: Святые грешники. Бездушный,396,Зарубежная сентиментальная проза
Данан Рози: Сосед,97,Зарубежные любовные романы
Реставрируй. Как из бабушкиной мебели создать интерьерный шедевр,530,Дизайн. Интерьер
The Wes Anderson Collection. Беседы с Уэсом Андерсоном о его фильмах. От «Бутылочной ракеты» до «Королевства полной луны»,137,Кино
Михалков Сергей Владимирович: Сказки о доброте,1426,Сказки русских писателей
Майер Стефани: Новолуние (новое оформление),543,Зарубежное фэнтези
Мист Магнус: Маленькая злая книга 2,3564,Фантастика и фэнтези
Мартин Джордж Р.Р.: Игра престолов,838,Героическое фэнтези
"Хасэгава Ёсия: Как легким движением пальцев прокачать свой мозг. Уникальная японская методика тренировки мышления, памяти, внимания и логики, позволяющая предотвратить старение мозга",881,Популярная медицина
Шварц Евгений Львович: Сказка о потерянном времени,2239,Сказки русских писателей
Осборн Оззи: Оззи. Автобиография без цензуры,1009,Биографии. Мемуары
Маринина Александра: Цена вопроса. Том 1,996,Русские детективы
Маринина Александра: Цена вопроса. Том 2,986,Русские детективы
Лондон Джек: Странник по звездам,893,Классическая зарубежная литература
Маршак Самуил Яковлевич: Вот какой рассеянный и другие любимые стихи,962,Стихи для детей
"Мясников Александр Леонидович: ""Призраки"". Когда здоровья нет, а врачи ничего не находят",826,Народная медицина
"Сакс Оливер: Человек, который принял жену за шляпу, и другие истории из врачебной практики",2727,Медицинские истории
Риггз Ренсом: Казни Дьявольского Акра,192,Зарубежное фэнтези
Кинг Стивен: Сияние во тьме,234,Триллеры
Дюна. Иллюстрированная история создания классики научной фантастики,640,Кино
Камю Альбер: Посторонний,220,Классическая зарубежная литература
Эбенштейн Джоанна: Анатомика. От ужасного до великого: человеческое тело в искусстве,88,Культурология. Искусствоведение
Кинг Стивен: 11/22/63,346,Зарубежная фантастика
Шэн Л. Дж.: Похититель поцелуев,498,Зарубежные любовные романы
Пайл Нэйтан В.: Странная планета,1694,Графические романы
Мист Магнус: Маленькая злая книга 3,2691,Фантастика и фэнтези
Гейман Нил: Лучшие рассказы,97,Зарубежное фэнтези
Акунин Борис: Просто Маса,1187,АСТ
"Хирш Алекс, Ренцетти Роб: Гравити Фолз. Дневник 3",4546,Disney. Гравити Фолз
Стивенсон Роберт Льюис: Странная история доктора Джекила и мистера Хайда,1974,Классическая зарубежная литература
Спаркс Николас: Спеши любить,480,Зарубежная сентиментальная проза
Толкин Джон Рональд Руэл: Властелин Колец. Хранители Кольца,843,Зарубежное фэнтези
Кинг Стивен: Оно,2656,Триллеры
Щербинина Юлия Владимировна: Довольно слов. Феномен языка современной российской прозы,189,Языкознание
Роман с вязанием. Тысячи вещей по одной формуле. Руководство по интуитивному вязанию бесшовных плечевых изделий,350,Вязание
Попофф Мартин: Metallica. Иллюстрированная история легенд метал-сцены,84,Музыка
Дмитриева Вика Дмитриевна: Это же ребёнок! Школа адекватных родителей,212,Воспитание детей
Маринина Александра: Отдаленные последствия. Том 2,540,Современные детективы
Календарь живой природы 2022 год,215,Календарь детский 2022
"Степанова Татьяна Юрьевна: Имеющий уши, да услышит",75,Современные детективы
Криптономикон,183,Зарубежная фантастика
Драйзер Теодор: Финансист,704,Классическая зарубежная литература
"Дойл Артур Конан, Эджинтон Ян: Шерлок Холмс в комиксах. Этюд в багровых тонах",419,Легендарные комиксы по фильмам и сериалам
Кинг Стивен: Страна радости,801,Триллеры
Стань счастливым за 21 день. Самый полный курс любви к себе,1087,Эзотерические знания
Кинг Стивен: Кристина,792,Зарубежные детективы
Коутс Дарси: Крейвен Мэнор. Хранитель призраков,75,Зарубежное фэнтези
Мертвая зона,228,Ужасы. Мистика
Меч ангелов,177,Темное фэнтези
Хоутон Эмма: Тьма,91,Зарубежные детективы
"Талантов Петр Валентинович: 0,05. Доказательная медицина от магии до поисков бессмертия",1466,Медицинские энциклопедии и справочники
Профессиональная подгонка и ремонт женской и мужской одежды,239,Кройка и шитье
Франкини Вито: Хищный зверь,74,Эксмо
3+ 100 окошек - открывай-ка! (илл. Тони Вульфа),2500,Эксмо
В точке покоя. Воркбук,100,Популярная психология
Кинг Стивен: Игра Джералда,959,Триллеры
Король и Шут. Старая книга,1877,Музыка
Трутнева Дарья: Master Kit. Как перестать жить чужой головой,75,Популярная психология
Пассарелла Джон: Сверхъестественное. С ветерком,140,Ужасы. Мистика
Толкин Джон Рональд Руэл: Властелин Колец. Возвращение короля,805,Зарубежное фэнтези
"Третьякова Мария: Леди VS Пацанка. Книга не о том, как быть хорошей девочкой, а о том, как найти себя",373,Популярная психология
Фли: Моя безумная история: автобиография бас-гитариста RHCP (Acid for the children),283,Музыка
Звёздный путеводитель по 2022 году для всех знаков Зодиака. Рекомендации астролога,88,Астрология и гороскопы
"Домашний текстиль. Шторы, подушки, скатерти и многое другое. Самое полное и понятное пошаговое руководство для начинающих",322,Кройка и шитье
Бернетт Фрэнсис Элиза Ходжсон: Таинственный сад,490,Классическая зарубежная литература
Глуховский Дмитрий Алексеевич: Метро 2033,988,Постапокалипсис
"Волков Александр Мелентьевич, Владимирский Леонид Викторович: Волшебник Изумрудного города",856,Волшебная страна А. Волкова
"Бром Джеральд: Крампус, Повелитель Йоля",2552,Зарубежное фэнтези
Тургенев Иван Сергеевич: Отцы и дети,814,Классическая русская литература
Милые совы. Календарь настенный на 2022 год (300х300 мм),159,Эксмо
Державина Виктория Александровна: Все правила английского языка с иллюстрированным словарем,2755,Английский язык
Хаусманн Роми: Милое дитя,167,Зарубежные детективы
Моя исповедь. Невероятная история рок-легенды из Judas Priest,327,Биографии. Мемуары
КОТоЛОГИКА. О чем молчит кошка,1222,Эксмо
Calm. Календарь спокойствия и медитации. Календарь на 2022 год (300х300 мм),132,Эксмо
Свон Таня: Вкус памяти. Кровь королей,134,Любовное фэнтези
Джейн Анна: Небесная музыка. Луна,159,Русская сентиментальная проза
Райан Лекси: Эти лживые клятвы,117,Эксмо
Акунин Борис: Дорога в Китеж,332,Современная русская проза
Шаипова Тюльпанна Эльдаровна: Домашняя выпечка с восточным оттенком,169,Выпечка и десерты
Четверикова Анастасия Валерьевна: Искусство для пацанчиков. По полочкам,458,Культурология. Искусствоведение
Поместье Лейкседж,245,Эксмо
Бхагавад-гита. Перевод Бориса Гребенщикова,953,АСТ
Белиал. Война богов,240,Фантастика и фэнтези для подростков
Толкин Джон Рональд Руэл: Властелин Колец. Две твердыни,807,Зарубежное фэнтези
Достоевский Федор Михайлович: Игрок,614,Классическая русская литература
Изара. Тихий омут,555,Фантастика и фэнтези для подростков
Маккалоу Колин: Поющие в терновнике,1283,Современная зарубежная проза
Полякова Татьяна Викторовна: Не вороши осиное гнездо,395,Русские детективы
Хейли Артур: Отель,2343,Классическая зарубежная литература
Харт Уна: Когда запоют мертвецы,158,Эксмо
"""Спартак"" для всей семьи. О великой футбольной команде",158,Футбол
Кларк Ф. Джели: Хозяева джиннов,75,Зарубежное фэнтези
"Чеснова Ирина Евгеньевна: Большая книга для детей. О страхах, дружбе, школе, первой любви и вере в себя",615,Любовь и дружба
Сахарова Елена Николаевна: Пиши в блог как бог: как начать и не бросить,250,"Эссе, письма, очерки"
Мамонов Петр Николаевич: На плотной земле. Стихотворения,77,АСТ
Пеннер Сара: Тайная лавка ядов,237,Современная зарубежная проза
Беляков Сергей Станиславович: Парижские мальчики в сталинской Москве,110,Биографии. Мемуары
Профессиональный шеф. Кулинарный институт Америки. Девятое издание,229,БОМБОРА
Pointless book (бессмысленная книга),1072,Творческие блокноты
Камю Альбер: Чума,1556,Классическая зарубежная литература
Академия Проклятий. Урок седьмой: Опасность кровного наследия,102,Магические академии
Парк Сонг: 8 Основ обретения жизненной силы. Как выиграть в кальмара с Киай Цигун,86,Йога и пилатес
Фредди Меркьюри: иллюстрированная биография,154,Музыка
Наследница молний,114,Магические академии
Панкратов Василий Семенович: С царем в Тобольске. Воспоминания охранника Николая II,208,Биографии. Мемуары
"Вагнер Ксения Николаевна: Люся и Степка в мире эмоций. 10 шагов, которые научат ребенка понимать свои чувства и общаться с другими",123,Эксмо
Маринина Александра: Отдаленные последствия. Том 1,552,Современные детективы
Кронин Джастин: Город зеркал. Том 1,589,Ужасы. Мистика
Прааг Менна Ван: Сестры Гримм,131,Like Book
Ночные кошмары и фантастические видения,141,Зарубежное фэнтези
Рой Олег Юрьевич: Москва-Пекин и два медведя,238,Фантастика и фэнтези
Русское вязание. Оренбургский пуховый платок. Практическая иллюстрированная энциклопедия,291,Вязание
Кристофи Алекс: Достоевский in love,74,Биографии. Мемуары
Мари Аннетт: Истребление монстров. Для слабаков,78,Любовное фэнтези
Как спасти любимую вещь. Простая и быстрая починка одежды. Секреты и ноу-хау для современной женщины,257,Кройка и шитье
Додолев Евгений Юрьевич: Александр Градский. Гранд российской музыки,137,Деятели культуры и искусства
Арзамасова Елизавета Николаевна: Костик из Солнечного переулка. Истории о самом важном для маленьких взрослых и огромных детей,223,Сказки русских писателей
Уорд Пенелопа: Рождественский сюрприз,108,Зарубежные любовные романы
Новогодние истории. Рецепты праздника,138,Кулинарные рецепты
Хёр Джун: Молчание костей,123,Like Book
"Марков Александр Викторович, Наймарк Елена Борисовна: Эволюция человека. [В 3 кн.] Книга 3. Кости, гены и культура",75,Элементы. Россия
Нажми Reset. Как игровая индустрия рушит карьеры и дает второй шанс,130,Руководства. Игровые миры
Бейли Эллен: 100 занятий для девочек на каждый день,808,Советы девочкам и мальчикам
Ким Ольга Романовна: Настоящий Древний Рим. Мифы и правда о Вечном городе,159,Древний мир
Вышитый календарь на 2022 год (300х300),283,Эксмо
Портнягин Дмитрий Сергеевич: Подарок гениальному руководителю. Трансформатор. Эксклюзивная бизнес-коллекция,463,Предпринимательство
Маршак Самуил Яковлевич: Кошкин дом. Иллюстрации О. Ионайтис,160,Стихи для детей
Bet-coin. Креативная валюта для обмена творческими идеями (на перфорации),435,Раскраски для взрослых
Энциклопедия DC Comics,430,Эксмо
Купер Кэтрин: Шале,75,Зарубежные детективы
Обратная сторона средневековой Флоренции,156,Культурология. Искусствоведение
Большая пластилиновая книга удивительных приключений,78,Лепка
Вялов Сергей Сергеевич: Гастро-книга: Пищеварение вдоль и поперек,1309,Гастроэнтерология
Сайфутдинов Артемий Маратович: Рюриковичи. История династии для бумеров и зумеров,73,История России
Снежная королева. Щелкунчик. Госпожа Метелица,234,Гримм Якоб и Вильгельм
Одна девочка тропу искала,160,БОМБОРА
"Синсеро Джен: НЕ ТУПИ. Только тот, кто ежедневно работает над собой, живет жизнью мечты",652,Психология личности
Неофициальная кулинарная книга Хогвартса. 75 рецептов блюд по мотивам волшебного мира Гарри Поттера,118,Кулинарные рецепты
Еще одна станция,137,Зарубежные любовные романы
Ваггонер Тим: Сверхъестественное. Дети Анубиса,120,Ужасы. Мистика
Тяжелый свет Куртейна (темный). Зелёный Том 3,118,Городское фэнтези
Волков Александр Мелентьевич: Волшебник Изумрудного города. Все шесть книг — в одной! Художник Л. Владимирский,284,Сказки русских писателей
Гофман Эрнст Теодор Амадей: Щелкунчик и Мышиный король (ил. А. Басюбиной),164,Сказки зарубежных писателей
Дорога мертвеца. Руками гнева,166,Ужасы. Мистика
Праздник в стиле LOPAPEYSA. 70 нарядных узоров для вязания знаменитого исландского свитера и не только,159,Вязание
Один день в Древнем мире. Записки путешественника во времени,834,Историческая проза
Коллинз Уилки: Отель с привидениями,636,Зарубежные детективы
Фоллетт Кен: Мир без конца,136,Историческая проза
Ранберг Сильвен: Миллениум. Девушка с татуировкой дракона,514,Графические романы
Диккер Жоэль: Последние дни наших отцов,98,Современная зарубежная проза
Травма и исцеление. Последствия насилия от абьюза до политического террора,219,Психоанализ
Тохтарова Екатерина: Детская психосоматика. Как помочь детям расти здоровыми,733,Детская психология
Файзал Хафса: Избавители звезд,78,Зарубежное фэнтези
Ручное вязание спицами и крючком. Визуальный японский самоучитель: научитесь вязать быстро и правильно,97,Вязание
Тесто души моей,415,Выпечка и десерты
Катсу Алма: Голод,116,Ужасы. Мистика
World of Warcraft. Кольцо ненависти,88,Зарубежное фэнтези
Уолпол Гораций: Замок Отранто,272,Классическая зарубежная литература
Кинг Стивен: Клатбище домашних жывотных,370,Ужасы. Мистика
Тяжелый свет Куртейна (светлый). Зелёный Том 3,131,Городское фэнтези
Полякова Татьяна Викторовна: Знак предсказателя,420,Русские детективы
Практическая магия,86,Современные любовные романы
Магия мягкой бани. Путеводитель в мир тепла для всей семьи,257,Здоровый образ жизни
Кинг Стивен: Противостояние,355,Постапокалипсис
"Кеннелли Ольга: Та, которая смогла. Завоюй любовь миллионов, добейся жизни мечты",74,Популярная психология
Гапчинская. Ангелы. Календарь настенный на 2022 год (170х170 мм),205,Эксмо
Общество Джейн Остен,90,Современная зарубежная проза
Друзья. Адвент-календарь. Готовьтесь к Новому году вместе с «Друзьями» (больше 40 сюрпризов внутри)!,312,БОМБОРА
"Синичкин календарь настенный на 2022 год, иллюстрации М. Белоусовой",204,Календари 2022
Дуглас Пенелопа: Соперник,89,Зарубежные любовные романы
ЗОЖигательные праздники. Еда под вино!,144,ЗОЖигательная кулинария. Книги Сергея Леонова
Fallout. Официальная поваренная книга жителя убежища,208,Кулинарные рецепты
"Архангельский Александр Николаевич: Несогласный Теодор. История жизни Теодора Шанина, рассказанная им самим",86,Современная русская проза
Последний дом на Никчемной улице,84,Зарубежные детективы
Мясников Александр Леонидович: Пульс России: переломные моменты истории страны глазами кремлевского врача,242,Биографии. Мемуары
Песчаные черви Дюны,193,Дюна
Барклем Джилл: В гостях на Ежевичной поляне,622,Сказки зарубежных писателей
365 причин для хорошего настроения. Календарь на 2022 год,640,Календари 2022
Меттан Ги: Растерянный континент. В защиту демократии и независимости Европы,75,Социология. Обществознание
"Пескова Ирина Михайловна, Молюков Михаил Игоревич: Красная книга мира",220,Красная книга нашей планеты
Гарри Поттер. Рождественская магия. Адвент-календарь,393,БОМБОРА
Кронин Джастин: Город зеркал. Том 2,585,Зарубежное фэнтези
Две жизни. Конкордия Антарова. Мистический роман с комментариями в четырех частях. Коллекционное оформление,118,Эзотерические знания
Ресурс для сильной девочки: пошаговый детокс-план на каждый сезон,132,Диеты
Тень за моим плечом,78,Ужасы. Мистика
Богданова Вероника: Дело чести. Быт русских офицеров,219,История России
Арден Лия: Безупречная Луна,738,Любовное фэнтези
Гор Анастасия: Ковен озера Шамплейн,1372,Городское фэнтези
Гарбер Стефани: Караваль,305,Зарубежное фэнтези
Уайльд Оскар: Портрет Дориана Грея,3089,Классическая зарубежная литература
Шэн Л. Дж.: Школа Всех Святых. Жестокий бог,160,Зарубежная сентиментальная проза
Блэк Холли: Воздушный народ. Жестокий принц,2722,Фантастика и фэнтези для подростков
Ли Бардуго: Тень и кость,4154,Зарубежное фэнтези
"Фрей Эли: Ты убит, Стас Шутов",211,АСТ
Ли Бардуго: Продажное королевство,3763,Зарубежное фэнтези
Фромм Эрих: Искусство любить,4900,Классическая психология
Пять ночей у Фредди. Четвёртый шкаф,1182,Five Nights at Freddy's
Ли Бардуго: Крах и восход,3621,Зарубежное фэнтези
Ли Бардуго: Шестерка воронов,4261,Зарубежное фэнтези
Сапковский Анджей: Последнее желание. Меч предназначения,524,Зарубежное фэнтези
Голдинг Уильям: Повелитель мух,3759,Классическая зарубежная литература
Кинг Стивен: Колдун и кристалл,336,Зарубежное фэнтези
Остен Джейн: Гордость и предубеждение,2831,Классическая зарубежная литература
Бессонов Александр: Мадам,207,Современная русская проза
Скотт Эмма: Однажды я выберу тебя,242,Зарубежная сентиментальная проза
Герберт Фрэнк: Дюна,975,Зарубежная фантастика
Шерри Ана: Хрупкое равновесие. Книга 1,1156,Русская сентиментальная проза
Кристофф Джей: Темный рассвет,1230,Зарубежное фэнтези
Акунин Борис: После тяжелой продолжительной болезни. Время Николая II,310,История России
Манискалко Керри: Побег от Гудини. Охота на дьявола,947,Зарубежные детективы
Старк Кристина: Гончие Лилит,1072,Современная русская проза
"Ортман Лиза: Фриланс с нуля, или Свободные воины Интернета. Работай там, где нравится, и зарабатывай столько, сколько хочется",113,Стартапы и создание бизнеса
Петрановская Людмила Владимировна: Тайная опора: привязанность в жизни ребенка,5851,Воспитание детей
"Дом Гуччи. Сенсационная история убийства, безумия, гламура и жадности",483,Журналистские расследования
Олкотт Луиза Мэй: Маленькие женщины,2418,Классическая зарубежная литература
Манискалко Керри: Царство Проклятых,116,Любовное фэнтези
Я — женщина. Календарь настенный на 2022 год (300х300 мм),291,Календари 2022
Шерри Ана: Хрупкое равновесие. Книга 3. Статус-кво,1515,Русская сентиментальная проза
Песня вечных дождей,257,Зарубежное фэнтези
"Хранители снов и пижам повелители. Вязаные игрушки-пижамницы, с которыми ребенок полюбит ложиться спать и поддерживать порядок в детской",125,Изготовление игрушек
Арден Лия: Мара и Морок. Подарочный комплект,182,Эксмо
Арментроут Дженнифер: Из крови и пепла,930,Зарубежное фэнтези
"Зверева Татьяна Валерьевна: Дети на диете. Как накормить аллергика, которому ничего нельзя",132,Здоровье детей
Герберт Фрэнк: Мессия Дюны. Дети Дюны,1318,Зарубежная фантастика
Рубина Дина Ильинична: Маньяк Гуревич,596,Современная русская проза
Махёрин Шелби: Змей и голубка,1760,Любовное фэнтези
Кристофф Джей: Неночь,2037,Зарубежное фэнтези
"Что-то не так с Гэлвинами. Идеальная семья, разрушенная безумием",470,Семейная психология
Рэйн Сола: Тафгай,194,Русская сентиментальная проза
Арментроут Дженнифер: Королевство плоти и огня,1060,Зарубежное фэнтези
Клуб убийств по четвергам,910,Зарубежные детективы
Хлебова Вероника: Сепарация: как перестать зависеть от других людей,250,Популярная психология
Стивенсон Роберт Льюис: Клуб самоубийц,1592,Классическая зарубежная литература
Ужасы Фазбера. В бассейн! (выпуск 1),107,Five Nights at Freddy's
Ли Бардуго: Штурм и буря,3540,Зарубежное фэнтези
Вульф Мара: Сёстры-ведьмы. Сестра ночи,792,Героическое фэнтези
Черкасова Ульяна: Золотые земли. Совиная башня,195,Героическое фэнтези
"Оливьери Якопо, Трояно Розальба: 20 необыкновенных мальчиков, изменивших мир",327,"Истории о великих людях, изменивших мир"
Скотт Эмма: Пять минут жизни (новое оформление),241,Зарубежная сентиментальная проза
Манискалко Керри: Охота на Джека-потрошителя. Охота на князя Дракулу,1305,Зарубежные детективы
Вульф Мара: Сёстры-ведьмы. Сестра звёзд,883,Героическое фэнтези
Вульф Мара: Сёстры-ведьмы. Сестра луны,784,Героическое фэнтези
Среди тысячи слов,846,Романтические книги для подростков
"Вейер Энди: Проект ""Аве Мария""",218,Зарубежная фантастика
Лондон Джек: Мартин Иден,2592,Классическая зарубежная литература
Арден Лия: Мара и Морок,1489,Любовное фэнтези
Тармашев Сергей Сергеевич: Древний. Предыстория. Книга девятая. Мирные времена,865,Боевая фантастика
Ночь в тоскливом октябре. Подарочное иллюстрированное издание,408,Эксмо
Герберт Фрэнк: Дюна: Дюна. Мессия Дюны. Дети Дюны,873,Зарубежная фантастика
Гор Анастасия: Ковен заблудших ведьм,894,Героическая фантастика
Кристофф Джей: Годсгрейв,1785,Фантастика и фэнтези для подростков
Сапковский Анджей: Последнее желание. Меч Предназначения. Кровь эльфов. Час Презрения. Крещение огнем. Башня Ласточки. Владычица Озера,1243,Зарубежное фэнтези
Мартин Оливер: Книга для настоящих мальчишек,2755,Советы девочкам и мальчикам
Тартт Донна: Тайная история,1961,Современная зарубежная проза
Флинн Йэн: Sonic. Всё или ничего. Комикс. Том 7 (перевод от Diamond Dust),105,Комиксы для детей
"Хочу и буду. 6 правил счастливой жизни, или Метод Лабковского в действии",373,Эксмо
Меньше углеводов – больше жиров! Полное руководство по кето/LCHF с рецептами,105,Алёна Виноградова
Арден Лия: Достойный высший суд,836,Русское фэнтези
Дуглас Пенелопа: Испорченный,187,АСТ
"BOMBORABOX # 2 Что-то не так с Гэлвинами. Идеальная семья, разрушенная безумием",330,БОМБОРА
Мартен Фуркад. Последний круг. Откровенный дневник чемпиона о триумфальном завершении карьеры,75,О спорте и спортсменах
Кулинарная книга Гарри Поттера. Иллюстрированное неофициальное издание,859,Кулинарные рецепты
Таро без шизотерики. Доступное руководство для начинающих по работе с картами,75,Эксмо
Леви Роджер: Платформа,83,Научная фантастика
Сапковский Анджей: Ведьмак: Меч Предназначения,1561,Зарубежное фэнтези
Ангельская сага. Возвращение ангелов,999,Фантастика и фэнтези для подростков
Булгаков Михаил Афанасьевич: Мастер и Маргарита,2430,Классическая русская литература
Оруэлл Джордж: 1984,6800,Антиутопия
Сапковский Анджей: Кровь эльфов. Час презрения,481,Зарубежное фэнтези
Стеффи Лия: Орлеан,3106,Современные любовные романы
Герберт Фрэнк: Дюна,789,АСТ
Самый нескучный плед. Мозаичное вязание крючком. Практическое пособие и уникальная коллекция авторских узоров,548,Вязание
Мейер Марисса: Золушка,2211,Киберпанк
Ли Бардуго: Девятый Дом,976,Триллеры
Сон и Пепел,294,Русское фэнтези
Арден Лия: Мара и Морок. Особенная Тень,2920,Любовное фэнтези
"Смит Уилл, Мэнсон Марк: Will. Чему может научить нас простой парень, ставший самым высокооплачиваемым актером Голливуда",468,Деятели культуры и искусства
Петрановская Людмила Владимировна: Если с ребенком трудно,4774,Детская психология
Канеман Даниэль: Думай медленно... решай быстро,2752,Популярная психология
Джейкобс Джон Хорнор: Живой роскошный ад,95,Ужасы. Мистика
Апокалипсис в искусстве. Путешествие к Армагеддону (второе издание),84,Культурология. Искусствоведение
Инвестиции и трейдинг от А до Я. Краткий курс по выживанию на бирже,360,Трейдинг
Шваб Виктория: Незримая жизнь Адди Ларю,662,Эксмо
Скотт Эмма: Потерянные души. Девушка из песни,334,Зарубежная сентиментальная проза
Гендина Юлия Анатольевна: Уютная геометрия. Модные техники вязания крючком для стильного интерьера,177,Вязание
Старк Кристина: Аспид,1205,Современные любовные романы
Немцова Жанна Борисовна: Дочь своего отца,323,БОМБОРА
Нечитайло Фёдор Константинович: Земля Королей. Трефовый том,2981,Комиксы
Бронте Эмили: Грозовой перевал,894,Историческая проза
Блэк Холли: Воздушный народ. Злой король,2256,Фантастика и фэнтези для подростков
"Примаченко Ольга Викторовна: С тобой я дома. Книга о том, как любить друг друга, оставаясь верными себе",223,Семейная психология
Непарадная Москва: доходные дома в историях и фотографиях,242,Исторические путеводители
"Митрохина Юлия: Ненормальность. Как повысить качество жизни, изменив уровень нормы",367,Саморазвитие и личностный рост
Брэнди Меган: Неприятности в старшей школе,448,Зарубежная сентиментальная проза
Файлы Фредди (НОВАЯ ОБЛОЖКА! ДОПОЛНЕННОЕ И ОБНОВЛЁННОЕ ИЗДАНИЕ!),438,Five Nights at Freddy's
Пять ночей у Фредди. Неправильные,1364,Five Nights at Freddy's
Суратова Екатерина: Телесная психология: услышать тело — исцелить душу,338,Популярная психология
"Примаченко Ольга Викторовна: К себе нежно. Книга о том, как ценить и беречь себя",1483,Популярная психология
Булач Меседу: Идеальная любовь неидеальных мам,720,Популярная психология
Земсков Пётр Александрович: Математика и фокусы. Геометрические головоломки для развития мозга.,331,Математические науки
"Коутон Скотт, Брид-Райсли Кира: Пять ночей у Фредди. Серебряные глаза",1873,Five Nights at Freddy's
Бром Джеральд: Косиног: История о колдовстве,653,Зарубежное фэнтези
Махёрин Шелби: Кровь и мёд. Продолжение бестселлера Змей и голубка,1620,Зарубежное фэнтези
Нечитайло Фёдор Константинович: Земля Королей. Червовый том,929,Графические романы
Салимова Тати: Дыши. Чувствуй. Пиши. Книга-практикум с мантрами на любовь к себе,454,Популярная психология
